Query,Execution_Time_Seconds
q1.sql,0.498410
q2.sql,5.656470
q3.sql,0.108130
q4.sql,0.138322
q5.sql,0.106534
q6.sql,0.096608
q7.sql,0.000473
q8.sql,0.214545
q9.sql,0.245771
q10.sql,0.160116
q11.sql,0.000362
q13.sql,0.270010
q14.sql,0.099697
q15.sql,0.137550
q16.sql,0.086451
q17.sql,0.183176
q18.sql,2.559729
q19.sql,0.072960
q21.sql,1.658045
q22.sql,0.080404
