Query,Execution_Time_Seconds
q1.sql,0.846197
q2.sql,0.024569
q3.sql,0.146037
q4.sql,0.000838
q5.sql,0.159229
q6.sql,0.095108
q7.sql,0.124701
q8.sql,86.553886
q9.sql,0.243940
q10.sql,0.022033
q11.sql,0.026838
q12.sql,0.127330
q13.sql,0.664548
q14.sql,0.119015
q15.sql,0.102450
q16.sql,0.152112
q17.sql,0.183324
q18.sql,1.801772
q19.sql,0.136183
q21.sql,0.441102
q22.sql,0.052385
