Query,Execution_Time_Seconds
q1.sql,0.903853
q2.sql,6.171513
q3.sql,0.001059
q4.sql,0.311023
q5.sql,0.095938
q6.sql,0.087100
q7.sql,0.097784
q8.sql,0.111847
q9.sql,0.227710
q10.sql,0.174723
q11.sql,0.032711
q12.sql,0.115929
q13.sql,0.180715
q14.sql,0.090009
q15.sql,0.098957
q16.sql,0.120635
q17.sql,0.191315
q18.sql,1.391721
q19.sql,0.116738
q21.sql,1.654643
q22.sql,0.056547
