Query,Execution_Time_Seconds
q1.sql,0.702020
q2.sql,8.023540
q3.sql,0.000810
q4.sql,0.197046
q5.sql,0.109977
q6.sql,0.106733
q7.sql,0.138395
q8.sql,0.001051
q9.sql,0.265768
q10.sql,0.152587
q11.sql,0.042226
q12.sql,0.151966
q13.sql,0.020992
q14.sql,0.099020
q15.sql,0.123502
q16.sql,0.150976
q17.sql,0.193767
q18.sql,1.881872
q19.sql,0.146779
q21.sql,0.453940
q22.sql,0.120987
