Query,Execution_Time_Seconds
q1.sql,0.718883
q2.sql,6.204256
q3.sql,0.136577
q4.sql,0.142119
q5.sql,0.107692
q6.sql,0.096494
q7.sql,0.129411
q8.sql,0.131049
q9.sql,0.252734
q10.sql,0.210459
q11.sql,0.043773
q12.sql,0.150913
q13.sql,0.273024
q14.sql,0.104332
q15.sql,0.206497
q16.sql,0.153421
q17.sql,0.190545
q18.sql,1.532606
q19.sql,0.204675
q21.sql,0.454625
q22.sql,0.046670
