Query,Execution_Time_Seconds
q1.sql,0.708164
q2.sql,0.021429
q3.sql,0.148538
q4.sql,0.145971
q5.sql,0.136920
q6.sql,0.096017
q7.sql,0.126823
q8.sql,0.114573
q9.sql,0.225693
q10.sql,0.142456
q11.sql,0.000497
q12.sql,0.154797
q13.sql,0.302352
q14.sql,0.102342
q15.sql,0.179591
q16.sql,0.157115
q17.sql,0.245704
q18.sql,2.643077
q19.sql,0.592235
q21.sql,1.140387
q22.sql,0.059324
