Query,Execution_Time_Seconds
q1.sql,0.742832
q2.sql,8.114916
q3.sql,0.128413
q4.sql,0.144331
q5.sql,0.135040
q6.sql,0.093563
q7.sql,0.124912
q8.sql,0.001306
q9.sql,0.253202
q10.sql,0.198711
q11.sql,0.052613
q12.sql,0.146867
q13.sql,0.222668
q14.sql,0.094436
q15.sql,0.099720
q16.sql,0.084061
q17.sql,0.260822
q18.sql,1.483943
q19.sql,0.111731
q21.sql,0.438760
q22.sql,0.048787
