Query,Execution_Time_Seconds
q1.sql,0.702944
q2.sql,8.350914
q3.sql,0.130617
q4.sql,0.144252
q5.sql,0.116154
q6.sql,0.110594
q7.sql,0.127177
q8.sql,0.118205
q9.sql,0.245217
q10.sql,0.139803
q11.sql,0.052925
q12.sql,0.147869
q13.sql,0.195975
q14.sql,0.096038
q15.sql,0.149937
q16.sql,0.084281
q17.sql,0.131855
q18.sql,2.566044
q19.sql,0.141604
q21.sql,0.729635
q22.sql,0.049587
