Query,Execution_Time_Seconds
q1.sql,0.501926
q2.sql,5.349028
q3.sql,0.000572
q4.sql,0.147944
q5.sql,0.080961
q6.sql,0.072063
q7.sql,0.095764
q8.sql,0.097902
q9.sql,0.182664
q10.sql,0.147619
q11.sql,0.031760
q12.sql,0.107743
q13.sql,0.172324
q14.sql,0.062040
q15.sql,0.078723
q16.sql,0.020343
q17.sql,0.052361
q18.sql,1.311621
q19.sql,0.105774
q21.sql,0.330543
q22.sql,0.038700
