Query,Execution_Time_Seconds
q1.sql,0.513298
q2.sql,7.767309
q3.sql,0.129323
q4.sql,0.142750
q5.sql,0.105347
q6.sql,0.093722
q7.sql,0.126208
q8.sql,0.117570
q9.sql,0.243109
q10.sql,0.180429
q11.sql,0.050848
q12.sql,0.148814
q13.sql,0.273087
q14.sql,0.094317
q15.sql,0.151401
q16.sql,0.085264
q17.sql,0.138099
q18.sql,2.541149
q19.sql,0.113884
q21.sql,0.656195
q22.sql,0.000207
