Query,Execution_Time_Seconds
q1.sql,0.629407
q2.sql,5.859034
q3.sql,0.000654
q4.sql,0.152432
q5.sql,0.083099
q6.sql,0.071395
q7.sql,0.001017
q8.sql,0.000346
q9.sql,0.266256
q10.sql,0.002387
q11.sql,0.033693
q12.sql,0.109101
q13.sql,0.000208
q14.sql,0.075111
q15.sql,0.101519
q16.sql,0.113904
q17.sql,0.136820
q18.sql,1.420669
q19.sql,0.105745
q21.sql,0.000938
q22.sql,0.026333
