Query,Execution_Time_Seconds
q1.sql,0.706379
q2.sql,8.369840
q3.sql,0.133788
q4.sql,0.145888
q5.sql,0.107123
q6.sql,0.095633
q7.sql,0.126230
q8.sql,0.118023
q9.sql,0.255287
q10.sql,0.012486
q11.sql,0.050421
q12.sql,0.149256
q13.sql,0.200786
q14.sql,0.096530
q15.sql,0.152485
q16.sql,0.084274
q17.sql,0.246469
q18.sql,2.564519
q19.sql,0.116697
q21.sql,31.187266
q22.sql,0.052203
