Query,Execution_Time_Seconds
q1.sql,0.706598
q2.sql,5.144062
q3.sql,0.136457
q4.sql,0.152729
q5.sql,0.159212
q6.sql,0.101638
q7.sql,0.127709
q8.sql,0.137181
q9.sql,0.267370
q10.sql,0.199081
q11.sql,0.039543
q12.sql,0.149629
q13.sql,0.273173
q14.sql,0.097715
q15.sql,0.208500
q16.sql,0.151870
q17.sql,0.263278
q18.sql,1.739092
q19.sql,0.163688
q21.sql,0.579394
q22.sql,0.047528
