Query,Execution_Time_Seconds
q1.sql,0.696067
q2.sql,8.249002
q3.sql,0.160362
q4.sql,0.196659
q5.sql,0.113387
q6.sql,0.095762
q7.sql,0.126468
q8.sql,0.154550
q9.sql,0.265312
q10.sql,0.203263
q11.sql,0.001143
q12.sql,0.145951
q13.sql,0.264104
q14.sql,0.094819
q15.sql,0.143374
q16.sql,0.150300
q17.sql,0.188337
q18.sql,1.672184
q19.sql,723.139312
q21.sql,0.516559
q22.sql,0.046873
