Query,Execution_Time_Seconds
q1.sql,0.717400
q2.sql,10.841772
q3.sql,0.137488
q4.sql,0.143902
q5.sql,0.109431
q6.sql,0.097070
q7.sql,0.134335
q8.sql,0.001282
q9.sql,0.225157
q10.sql,0.164450
q11.sql,0.040178
q12.sql,0.146394
q13.sql,0.280897
q14.sql,0.098701
q15.sql,0.205926
q16.sql,0.168058
q17.sql,0.150499
q18.sql,2.562286
q19.sql,0.147768
q21.sql,0.478647
q22.sql,0.051422
