Query,Execution_Time_Seconds
q1.sql,0.696879
q2.sql,8.097178
q3.sql,0.127921
q4.sql,0.142407
q5.sql,0.106687
q6.sql,0.094071
q7.sql,0.124529
q8.sql,0.095898
q9.sql,0.257772
q10.sql,0.159735
q11.sql,0.037551
q12.sql,0.145626
q13.sql,0.272273
q14.sql,0.095455
q15.sql,0.112634
q16.sql,0.150213
q17.sql,0.133252
q18.sql,2.548154
q19.sql,0.102857
q21.sql,0.698848
q22.sql,0.054428
