Query,Execution_Time_Seconds
q1.sql,0.515105
q2.sql,6.082564
q3.sql,0.110067
q4.sql,0.190609
q5.sql,0.103320
q6.sql,0.103041
q7.sql,0.125377
q8.sql,0.000306
q9.sql,0.240974
q10.sql,0.157503
q11.sql,0.039441
q12.sql,0.144361
q13.sql,0.272552
q14.sql,0.095202
q15.sql,0.129672
q16.sql,0.172886
q17.sql,0.227724
q18.sql,1.568634
q19.sql,0.146664
q21.sql,0.432782
q22.sql,0.053084
