Query,Execution_Time_Seconds
q1.sql,0.700900
q2.sql,5.674444
q3.sql,0.132166
q4.sql,0.157401
q5.sql,0.110444
q6.sql,0.095678
q7.sql,0.130641
q8.sql,0.117927
q9.sql,0.263559
q10.sql,0.141066
q11.sql,0.037921
q12.sql,0.147501
q13.sql,0.274535
q14.sql,0.097885
q15.sql,0.288858
q16.sql,0.155618
q17.sql,0.276873
q18.sql,2.657486
q19.sql,0.115190
q21.sql,0.685838
q22.sql,0.054046
