Query,Execution_Time_Seconds
q1.sql,0.750198
q2.sql,8.257506
q3.sql,0.132068
q4.sql,0.144219
q5.sql,0.107077
q6.sql,0.095697
q7.sql,0.129732
q8.sql,0.108774
q9.sql,0.256177
q10.sql,0.161788
q11.sql,0.037928
q12.sql,0.147908
q13.sql,0.000795
q14.sql,0.115180
q15.sql,0.341430
q16.sql,0.157069
q17.sql,0.246599
q18.sql,2.631507
q19.sql,0.134594
q21.sql,0.453005
q22.sql,0.048718
