Query,Execution_Time_Seconds
q1.sql,0.699579
q2.sql,7.913611
q3.sql,0.137119
q4.sql,0.144556
q5.sql,0.113575
q6.sql,0.099569
q7.sql,0.147597
q8.sql,0.324211
q9.sql,0.197516
q10.sql,0.200352
q11.sql,0.029197
q12.sql,0.164788
q13.sql,0.291246
q14.sql,0.100739
q15.sql,0.110527
q16.sql,0.157283
q17.sql,0.000577
q18.sql,2.658455
q19.sql,0.180954
q21.sql,4.443031
q22.sql,0.048524
