Query,Execution_Time_Seconds
q1.sql,0.527479
q2.sql,6.042159
q3.sql,0.104848
q4.sql,0.185973
q5.sql,0.105354
q6.sql,0.096272
q7.sql,0.138222
q8.sql,0.000833
q9.sql,0.000797
q10.sql,0.207217
q11.sql,0.037394
q12.sql,0.151024
q13.sql,0.023289
q14.sql,0.108302
q15.sql,0.002679
q16.sql,0.025172
q17.sql,0.140344
q18.sql,1.886918
q19.sql,0.123531
q21.sql,0.497781
q22.sql,0.069702
