Query,Execution_Time_Seconds
q1.sql,0.695733
q2.sql,7.870505
q3.sql,0.147328
q4.sql,0.141657
q5.sql,0.106095
q6.sql,0.093695
q7.sql,0.125266
q8.sql,0.456028
q9.sql,0.266188
q10.sql,0.163322
q11.sql,0.037970
q12.sql,0.148458
q13.sql,0.675993
q14.sql,0.095008
q15.sql,0.101018
q16.sql,0.152851
q17.sql,202.398679
q18.sql,2.600242
q19.sql,0.131922
q21.sql,0.286409
q22.sql,0.053706
