Query,Execution_Time_Seconds
q1.sql,0.703973
q2.sql,8.339481
q3.sql,0.144718
q4.sql,0.147230
q5.sql,0.111620
q6.sql,0.094949
q7.sql,0.341355
q8.sql,0.097446
q9.sql,0.270503
q10.sql,0.168157
q11.sql,0.051260
q12.sql,0.147641
q13.sql,0.282663
q14.sql,0.098669
q15.sql,0.221930
q16.sql,0.157376
q17.sql,0.256261
q18.sql,1.524933
q19.sql,0.141822
q21.sql,0.581373
q22.sql,0.103447
