Query,Execution_Time_Seconds
q1.sql,0.499025
q2.sql,5.236001
q3.sql,0.138523
q4.sql,0.180826
q5.sql,0.108061
q6.sql,0.072428
q7.sql,0.093189
q8.sql,0.086303
q9.sql,0.181050
q10.sql,0.117180
q11.sql,0.029019
q12.sql,0.110688
q13.sql,0.235478
q14.sql,0.091030
q15.sql,0.008424
q16.sql,0.083492
q17.sql,209.712556
q18.sql,1.614356
q19.sql,0.131520
q21.sql,0.442804
q22.sql,0.053685
