Query,Execution_Time_Seconds
q1.sql,0.704169
q2.sql,8.162696
q3.sql,0.130317
q4.sql,0.146222
q5.sql,0.000374
q6.sql,0.093671
q7.sql,0.125473
q8.sql,0.365249
q9.sql,0.274501
q10.sql,0.249060
q11.sql,0.079093
q12.sql,0.168187
q13.sql,0.298697
q14.sql,0.096419
q15.sql,0.227307
q16.sql,0.156950
q17.sql,0.306753
q18.sql,2.648063
q19.sql,0.147901
q21.sql,0.000122
q22.sql,0.047813
