Query,Execution_Time_Seconds
q1.sql,0.818326
q2.sql,5.452063
q3.sql,0.131778
q4.sql,0.143460
q5.sql,0.139149
q6.sql,0.094696
q7.sql,0.128660
q8.sql,38.787645
q9.sql,0.203041
q10.sql,0.160300
q11.sql,0.037823
q12.sql,0.148138
q13.sql,0.268277
q14.sql,0.098556
q15.sql,0.141967
q16.sql,0.152087
q17.sql,0.183790
q18.sql,2.548793
q19.sql,0.137807
q21.sql,1.151703
q22.sql,0.057364
