Query,Execution_Time_Seconds
q1.sql,0.596011
q2.sql,5.869291
q3.sql,0.074850
q4.sql,0.000395
q5.sql,0.091348
q6.sql,0.069745
q7.sql,0.000849
q8.sql,0.267516
q9.sql,0.203319
q10.sql,0.119417
q11.sql,0.020220
q12.sql,0.101616
q13.sql,0.225688
q14.sql,0.096413
q15.sql,0.085445
q16.sql,0.118474
q17.sql,0.175744
q18.sql,1.409964
q19.sql,0.105936
q20.sql,0.000917
q21.sql,0.337185
q22.sql,0.035532
