Query,Execution_Time_Seconds
q1.sql,0.500403
q2.sql,7.368682
q3.sql,0.130342
q4.sql,0.277773
q5.sql,0.120577
q6.sql,0.100387
q7.sql,0.136882
q8.sql,0.135701
q9.sql,0.231647
q10.sql,0.211640
q11.sql,0.038498
q12.sql,0.145097
q13.sql,0.274271
q14.sql,0.096627
q15.sql,0.200718
q16.sql,0.150404
q17.sql,0.182013
q18.sql,1.487701
q19.sql,0.111002
q21.sql,0.466880
q22.sql,0.051943
