Query,Execution_Time_Seconds
q1.sql,0.608102
q2.sql,5.623014
q3.sql,0.099085
q4.sql,0.107384
q5.sql,0.102655
q6.sql,0.075216
q7.sql,0.096196
q8.sql,93.398972
q9.sql,0.257302
q10.sql,0.161580
q11.sql,0.038733
q12.sql,0.147949
q13.sql,0.001036
q14.sql,0.095947
q15.sql,0.268017
q16.sql,0.157032
q17.sql,0.246046
q18.sql,2.597096
q19.sql,0.137002
q21.sql,1.369074
q22.sql,0.052395
