Query,Execution_Time_Seconds
q1.sql,0.816842
q2.sql,8.531207
q3.sql,0.134442
q4.sql,0.148639
q5.sql,0.171949
q6.sql,0.095718
q7.sql,0.132014
q8.sql,471.539783
q9.sql,0.210869
q10.sql,0.167064
q11.sql,0.041018
q12.sql,0.147583
q13.sql,0.274941
q14.sql,0.095489
q15.sql,0.142300
q16.sql,0.152256
q17.sql,0.322863
q18.sql,2.575500
q19.sql,0.114985
q21.sql,0.750241
q22.sql,0.049762
