Query,Execution_Time_Seconds
q1.sql,0.716628
q2.sql,0.003312
q3.sql,0.142994
q4.sql,0.196335
q5.sql,0.106732
q6.sql,0.094976
q7.sql,0.129762
q8.sql,0.001090
q9.sql,0.248594
q10.sql,0.145706
q11.sql,0.037139
q12.sql,0.146542
q13.sql,0.277200
q14.sql,0.100804
q15.sql,0.132963
q16.sql,0.152033
q17.sql,0.182231
q18.sql,0.000285
q19.sql,0.145795
q21.sql,0.149576
q22.sql,0.339850
